time,REWS
0.000000,15.718397
0.250000,15.735448
0.500000,15.718725
0.750000,15.709632
1.000000,15.707618
1.250000,15.778684
1.500000,15.858007
1.750000,15.883151
2.000000,15.979434
2.250000,16.007603
2.500000,16.060340
2.750000,16.111452
3.000000,16.155910
3.250000,16.225061
3.500000,16.288637
3.750000,16.397943
4.000000,16.426505
4.250000,16.485985
4.500000,16.598089
4.750000,16.647847
5.000000,16.724107
5.250000,16.837188
5.500000,16.915477
5.750000,16.904294
6.000000,16.924559
6.250000,17.030206
6.500000,17.074189
6.750000,17.083000
7.000000,17.041113
7.250000,16.978661
7.500000,16.966415
7.750000,16.908443
8.000000,16.855472
8.250000,16.787525
8.500000,16.788004
8.750000,16.740268
9.000000,16.591270
9.250000,16.490213
9.500000,16.471461
9.750000,16.498133
10.000000,16.517292
10.250000,16.518250
10.500000,16.484322
10.750000,16.485238
11.000000,16.505770
11.250000,16.468263
11.500000,16.448489
11.750000,16.536433
12.000000,16.547649
12.250000,16.590339
12.500000,16.614974
12.750000,16.640877
13.000000,16.661413
13.250000,16.719732
13.500000,16.747113
13.750000,16.815773
14.000000,16.837542
14.250000,16.885071
14.500000,16.921624
14.750000,16.929141
15.000000,16.926441
15.250000,16.926320
15.500000,16.981953
15.750000,17.021977
16.000000,17.137796
16.250000,17.232849
16.500000,17.283025
16.750000,17.341593
17.000000,17.425848
17.250000,17.482142
17.500000,17.543244
17.750000,17.586496
18.000000,17.608457
18.250000,17.677547
18.500000,17.766299
18.750000,17.837531
19.000000,17.947331
19.250000,18.051198
19.500000,18.055777
19.750000,18.109547
20.000000,18.155971
20.250000,18.194761
20.500000,18.237435
20.750000,18.287087
21.000000,18.300193
21.250000,18.331308
21.500000,18.379365
21.750000,18.409902
22.000000,18.380519
22.250000,18.402276
22.500000,18.374986
22.750000,18.314498
23.000000,18.292605
23.250000,18.276346
23.500000,18.294404
23.750000,18.293235
24.000000,18.209149
24.250000,18.200210
24.500000,18.229560
24.750000,18.205057
25.000000,18.179626
25.250000,18.236228
25.500000,18.278330
25.750000,18.257707
26.000000,18.253087
26.250000,18.301739
26.500000,18.300072
26.750000,18.277741
27.000000,18.277515
27.250000,18.296818
27.500000,18.267830
27.750000,18.216881
28.000000,18.196281
28.250000,18.170061
28.500000,18.077625
28.750000,18.054200
29.000000,18.026042
29.250000,18.039650
29.500000,18.079779
29.750000,18.109430
30.000000,18.061913
30.250000,17.976213
30.500000,18.054200
30.750000,18.046333
31.000000,17.960331
31.250000,17.851022
31.500000,17.763070
31.750000,17.738846
32.000000,17.712788
32.250000,17.660670
32.500000,17.670657
32.750000,17.691891
33.000000,17.735240
33.250000,17.737537
33.500000,17.739966
33.750000,17.694855
34.000000,17.676299
34.250000,17.657317
34.500000,17.630057
34.750000,17.671264
35.000000,17.671939
35.250000,17.677140
35.500000,17.707448
35.750000,17.718125
36.000000,17.680191
36.250000,17.669461
36.500000,17.662544
36.750000,17.636615
37.000000,17.597214
37.250000,17.623619
37.500000,17.605779
37.750000,17.629118
38.000000,17.674828
38.250000,17.698287
38.500000,17.685215
38.750000,17.741139
39.000000,17.757779
39.250000,17.699230
39.500000,17.674097
39.750000,17.628748
40.000000,17.582011
40.250000,17.551836
40.500000,17.440836
40.750000,17.342777
41.000000,17.269757
41.250000,17.288920
41.500000,17.231250
41.750000,17.212034
42.000000,17.169461
42.250000,17.086658
42.500000,17.094582
42.750000,17.058538
43.000000,17.012695
43.250000,16.975070
43.500000,17.016663
43.750000,16.971046
44.000000,16.978235
44.250000,16.941493
44.500000,16.895518
44.750000,16.892761
45.000000,16.846500
45.250000,16.795980
45.500000,16.760634
45.750000,16.718634
46.000000,16.698298
46.250000,16.695639
46.500000,16.677683
46.750000,16.644947
47.000000,16.583807
47.250000,16.552224
47.500000,16.516862
47.750000,16.463869
48.000000,16.361197
48.250000,16.330067
48.500000,16.304210
48.750000,16.270345
49.000000,16.287574
49.250000,16.269527
49.500000,16.330829
49.750000,16.308973
50.000000,16.360352
50.250000,16.433173
50.500000,16.538673
50.750000,16.535837
51.000000,16.552382
51.250000,16.540419
51.500000,16.623457
51.750000,16.693320
52.000000,16.721723
52.250000,16.703537
52.500000,16.638659
52.750000,16.602061
53.000000,16.539789
53.250000,16.582370
53.500000,16.595853
53.750000,16.591881
54.000000,16.560948
54.250000,16.616649
54.500000,16.648718
54.750000,16.663468
55.000000,16.688485
55.250000,16.697272
55.500000,16.727705
55.750000,16.833066
56.000000,16.907519
56.250000,16.950378
56.500000,16.980630
56.750000,17.079405
57.000000,17.071149
57.250000,17.109212
57.500000,17.148805
57.750000,17.175688
58.000000,17.205253
58.250000,17.319530
58.500000,17.358029
58.750000,17.351022
59.000000,17.386278
59.250000,17.418177
59.500000,17.497145
59.750000,17.584086
60.000000,17.542878
60.250000,17.629781
60.500000,17.750881
60.750000,17.812801
61.000000,17.866508
61.250000,17.997737
61.500000,18.078632
61.750000,18.125746
62.000000,18.181511
62.250000,18.249142
62.500000,18.348634
62.750000,18.499114
63.000000,18.599722
63.250000,18.651879
63.500000,18.751763
63.750000,18.767468
64.000000,18.891554
64.250000,18.919207
64.500000,18.910645
64.750000,18.880175
65.000000,18.873243
65.250000,18.907296
65.500000,18.952724
65.750000,18.998016
66.000000,19.043693
66.250000,19.058160
66.500000,19.090957
66.750000,19.114175
67.000000,19.183050
67.250000,19.207814
67.500000,19.171219
67.750000,19.149876
68.000000,19.141646
68.250000,19.141126
68.500000,19.145663
68.750000,19.078089
69.000000,18.997763
69.250000,18.958295
69.500000,18.881533
69.750000,18.928820
70.000000,18.996662
70.250000,19.040068
70.500000,19.043474
70.750000,19.081921
71.000000,19.111331
71.250000,19.076626
71.500000,19.057632
71.750000,19.037383
72.000000,18.958694
72.250000,18.854691
72.500000,18.791975
72.750000,18.696880
73.000000,18.541275
73.250000,18.392814
73.500000,18.314627
73.750000,18.300453
74.000000,18.170612
74.250000,18.061645
74.500000,18.022878
74.750000,17.938717
75.000000,17.944385
75.250000,17.872259
75.500000,17.830075
75.750000,17.788011
76.000000,17.680372
76.250000,17.628718
76.500000,17.582241
76.750000,17.562701
77.000000,17.575773
77.250000,17.540268
77.500000,17.516308
77.750000,17.463145
78.000000,17.432746
78.250000,17.426207
78.500000,17.457107
78.750000,17.463096
79.000000,17.452060
79.250000,17.457291
79.500000,17.534502
79.750000,17.550319
80.000000,17.579319
80.250000,17.571082
80.500000,17.564745
80.750000,17.661175
81.000000,17.760653
81.250000,17.857471
81.500000,17.960848
81.750000,18.005310
82.000000,18.108397
82.250000,18.187221
82.500000,18.290776
82.750000,18.357090
83.000000,18.415228
83.250000,18.397758
83.500000,18.380115
83.750000,18.337158
84.000000,18.324014
84.250000,18.270892
84.500000,18.216130
84.750000,18.248648
85.000000,18.270828
85.250000,18.270485
85.500000,18.173957
85.750000,18.235172
86.000000,18.243620
86.250000,18.233422
86.500000,18.218966
86.750000,18.190570
87.000000,18.089026
87.250000,18.091787
87.500000,18.098018
87.750000,18.068951
88.000000,18.069113
88.250000,18.088838
88.500000,18.195798
88.750000,18.178615
89.000000,18.170819
89.250000,18.192947
89.500000,18.270360
89.750000,18.357252
90.000000,18.332421
90.250000,18.310866
90.500000,18.360681
90.750000,18.472634
91.000000,18.456383
91.250000,18.530134
91.500000,18.598693
91.750000,18.654564
92.000000,18.658200
92.250000,18.631214
92.500000,18.587804
92.750000,18.638346
93.000000,18.643080
93.250000,18.601868
93.500000,18.580371
93.750000,18.542109
94.000000,18.500999
94.250000,18.388944
94.500000,18.324580
94.750000,18.271337
95.000000,18.140941
95.250000,18.081197
95.500000,18.100737
95.750000,18.122246
96.000000,18.236432
96.250000,18.223801
96.500000,18.235889
96.750000,18.239411
97.000000,18.212494
97.250000,18.253566
97.500000,18.275184
97.750000,18.283621
98.000000,18.275248
98.250000,18.250669
98.500000,18.134779
98.750000,18.016844
99.000000,17.860971
99.250000,17.750628
99.500000,17.722892
99.750000,17.653135
100.000000,17.607394
100.250000,17.591783
100.500000,17.528712
100.750000,17.581261
101.000000,17.565432
101.250000,17.521528
101.500000,17.485857
101.750000,17.490073
102.000000,17.540729
102.250000,17.528984
102.500000,17.612474
102.750000,17.579752
103.000000,17.606202
103.250000,17.668070
103.500000,17.637109
103.750000,17.622597
104.000000,17.590079
104.250000,17.573179
104.500000,17.508045
104.750000,17.375186
105.000000,17.350633
105.250000,17.318179
105.500000,17.314208
105.750000,17.248603
106.000000,17.148213
106.250000,17.055471
106.500000,17.019665
106.750000,16.940459
107.000000,16.894379
107.250000,16.882785
107.500000,16.886063
107.750000,16.873473
108.000000,16.859036
108.250000,16.832251
108.500000,16.838696
108.750000,16.877913
109.000000,16.897619
109.250000,16.862887
109.500000,16.864773
109.750000,16.845572
110.000000,16.888669
110.250000,16.952815
110.500000,17.079850
110.750000,17.171385
111.000000,17.229594
111.250000,17.269991
111.500000,17.366794
111.750000,17.412637
112.000000,17.390147
112.250000,17.390061
112.500000,17.455881
112.750000,17.485808
113.000000,17.481139
113.250000,17.501675
113.500000,17.494524
113.750000,17.503232
114.000000,17.535497
114.250000,17.449760
114.500000,17.457691
114.750000,17.417340
115.000000,17.456315
115.250000,17.503036
115.500000,17.491778
115.750000,17.512280
116.000000,17.485159
116.250000,17.507162
116.500000,17.501607
116.750000,17.494399
117.000000,17.438649
117.250000,17.386444
117.500000,17.367047
117.750000,17.434994
118.000000,17.527400
118.250000,17.583196
118.500000,17.587793
118.750000,17.603151
119.000000,17.650521
119.250000,17.625976
119.500000,17.700429
119.750000,17.651351
120.000000,17.709530
120.250000,17.737526
120.500000,17.672505
120.750000,17.659489
121.000000,17.622472
121.250000,17.669220
121.500000,17.662529
121.750000,17.677793
122.000000,17.646014
122.250000,17.653432
122.500000,17.575973
122.750000,17.504941
123.000000,17.508938
123.250000,17.566861
123.500000,17.598184
123.750000,17.590727
124.000000,17.638444
124.250000,17.700309
124.500000,17.734833
124.750000,17.749908
125.000000,17.784862
125.250000,17.809697
125.500000,17.856479
125.750000,17.956846
126.000000,18.008048
126.250000,18.028818
126.500000,18.091934
126.750000,18.098240
127.000000,18.174530
127.250000,18.177340
127.500000,18.186162
127.750000,18.163208
128.000000,18.099602
128.250000,18.104135
128.500000,18.135246
128.750000,18.166214
129.000000,18.123302
129.250000,18.160063
129.500000,18.236696
129.750000,18.279880
130.000000,18.306646
130.250000,18.402544
130.500000,18.440440
130.750000,18.475274
131.000000,18.551892
131.250000,18.546895
131.500000,18.599922
131.750000,18.509644
132.000000,18.436156
132.250000,18.457593
132.500000,18.428115
132.750000,18.399961
133.000000,18.316445
133.250000,18.238457
133.500000,18.209481
133.750000,18.214176
134.000000,18.187719
134.250000,18.130818
134.500000,18.014675
134.750000,17.984216
135.000000,17.917906
135.250000,17.874722
135.500000,17.851946
135.750000,17.755957
136.000000,17.709771
136.250000,17.694878
136.500000,17.660361
136.750000,17.556599
137.000000,17.500984
137.250000,17.510172
137.500000,17.404355
137.750000,17.307680
138.000000,17.284334
138.250000,17.199117
138.500000,17.190944
138.750000,17.203654
139.000000,17.218185
139.250000,17.257047
139.500000,17.277636
139.750000,17.249161
140.000000,17.278914
140.250000,17.363619
140.500000,17.462285
140.750000,17.533981
141.000000,17.580303
141.250000,17.584040
141.500000,17.600548
141.750000,17.603615
142.000000,17.583143
142.250000,17.597014
142.500000,17.566054
142.750000,17.607141
143.000000,17.558692
143.250000,17.545665
143.500000,17.566409
143.750000,17.609332
144.000000,17.574996
144.250000,17.470118
144.500000,17.449021
144.750000,17.375461
145.000000,17.308038
145.250000,17.282558
145.500000,17.238235
145.750000,17.203379
146.000000,17.147526
146.250000,17.141194
146.500000,17.102849
146.750000,17.074853
147.000000,17.103683
147.250000,17.082724
147.500000,17.110207
147.750000,17.154198
148.000000,17.265706
148.250000,17.246374
148.500000,17.325194
148.750000,17.449552
149.000000,17.517240
149.250000,17.581676
149.500000,17.636785
149.750000,17.707806
150.000000,17.780427
150.250000,17.874088
150.500000,17.961919
150.750000,18.058760
151.000000,18.154617
151.250000,18.190589
151.500000,18.207301
151.750000,18.200803
152.000000,18.267106
152.250000,18.295901
152.500000,18.325300
152.750000,18.375404
153.000000,18.443016
153.250000,18.482515
153.500000,18.491646
153.750000,18.604671
154.000000,18.659663
154.250000,18.782678
154.500000,18.882616
154.750000,18.962010
155.000000,19.037161
155.250000,19.069381
155.500000,19.075230
155.750000,19.122084
156.000000,19.164506
156.250000,19.167146
156.500000,19.159919
156.750000,19.153240
157.000000,19.165256
157.250000,19.237416
157.500000,19.298485
157.750000,19.312718
158.000000,19.322524
158.250000,19.290625
158.500000,19.320129
158.750000,19.351719
159.000000,19.388148
159.250000,19.388416
159.500000,19.398105
159.750000,19.436073
160.000000,19.435439
160.250000,19.458755
160.500000,19.517602
160.750000,19.489674
161.000000,19.502557
161.250000,19.456941
161.500000,19.450152
161.750000,19.501742
162.000000,19.500079
162.250000,19.534079
162.500000,19.554031
162.750000,19.579952
163.000000,19.522505
163.250000,19.522297
163.500000,19.521524
163.750000,19.493615
164.000000,19.460128
164.250000,19.469206
164.500000,19.523025
164.750000,19.576086
165.000000,19.519088
165.250000,19.510775
165.500000,19.519337
165.750000,19.514215
166.000000,19.493140
166.250000,19.508633
166.500000,19.474237
166.750000,19.514090
167.000000,19.570912
167.250000,19.534562
167.500000,19.487912
167.750000,19.499408
168.000000,19.423993
168.250000,19.456620
168.500000,19.473000
168.750000,19.477982
169.000000,19.474742
169.250000,19.463352
169.500000,19.489251
169.750000,19.393078
170.000000,19.327408
170.250000,19.265910
170.500000,19.183092
170.750000,19.169031
171.000000,19.100635
171.250000,19.035494
171.500000,19.059409
171.750000,19.043912
172.000000,19.057700
172.250000,19.028426
172.500000,19.080077
172.750000,19.118086
173.000000,19.132708
173.250000,19.216575
173.500000,19.240694
173.750000,19.263640
174.000000,19.324893
174.250000,19.488946
174.500000,19.632195
174.750000,19.724378
175.000000,19.807796
175.250000,19.914142
175.500000,19.978201
175.750000,20.020430
176.000000,19.999483
176.250000,19.966996
176.500000,19.922028
176.750000,19.848812
177.000000,19.738167
177.250000,19.678502
177.500000,19.580571
177.750000,19.536391
178.000000,19.535403
178.250000,19.453829
178.500000,19.345470
178.750000,19.281988
179.000000,19.301566
179.250000,19.237624
179.500000,19.160202
179.750000,19.137098
180.000000,19.119776
180.250000,19.146410
180.500000,19.122136
180.750000,19.137294
181.000000,19.146893
181.250000,19.086153
181.500000,19.070222
181.750000,19.049527
182.000000,19.053103
182.250000,19.089245
182.500000,19.047261
182.750000,18.942775
183.000000,18.953516
183.250000,18.850026
183.500000,18.782897
183.750000,18.714716
184.000000,18.656642
184.250000,18.669872
184.500000,18.626432
184.750000,18.568555
185.000000,18.464020
185.250000,18.341729
185.500000,18.236986
185.750000,18.160975
186.000000,18.097776
186.250000,18.030006
186.500000,17.997311
186.750000,17.941372
187.000000,17.902944
187.250000,17.885399
187.500000,17.815570
187.750000,17.728097
188.000000,17.685698
188.250000,17.687915
188.500000,17.583611
188.750000,17.495787
189.000000,17.498620
189.250000,17.572767
189.500000,17.635073
189.750000,17.654394
190.000000,17.705283
190.250000,17.770112
190.500000,17.823361
190.750000,17.840039
191.000000,17.882585
191.250000,17.928021
191.500000,18.031194
191.750000,18.145218
192.000000,18.193478
192.250000,18.232329
192.500000,18.316641
192.750000,18.351372
193.000000,18.359583
193.250000,18.299492
193.500000,18.307363
193.750000,18.314438
194.000000,18.393677
194.250000,18.457001
194.500000,18.469081
194.750000,18.408284
195.000000,18.502089
195.250000,18.562045
195.500000,18.659376
195.750000,18.739445
196.000000,18.768248
196.250000,18.782497
196.500000,18.815622
196.750000,18.825311
197.000000,18.863845
197.250000,18.877897
197.500000,18.895126
197.750000,18.880813
198.000000,18.927063
198.250000,18.890355
198.500000,18.913542
198.750000,18.983330
199.000000,18.944974
199.250000,18.988478
199.500000,18.939852
199.750000,18.973912
200.000000,18.960920
200.250000,18.990583
200.500000,18.993166
200.750000,18.996987
201.000000,19.076697
201.250000,19.071975
201.500000,19.091504
201.750000,19.109849
202.000000,19.095457
202.250000,19.156378
202.500000,19.188858
202.750000,19.151694
203.000000,19.102955
203.250000,19.116932
203.500000,19.133504
203.750000,19.115295
204.000000,19.079605
204.250000,19.067306
204.500000,19.033819
204.750000,18.975255
205.000000,18.884437
205.250000,18.820929
205.500000,18.808234
205.750000,18.765001
206.000000,18.709635
206.250000,18.683842
206.500000,18.661975
206.750000,18.682054
207.000000,18.623788
207.250000,18.537146
207.500000,18.530493
207.750000,18.470846
208.000000,18.427070
208.250000,18.347865
208.500000,18.321608
208.750000,18.266676
209.000000,18.220739
209.250000,18.194832
209.500000,18.158120
209.750000,18.073209
210.000000,18.052635
210.250000,18.063086
210.500000,18.059126
210.750000,18.066262
211.000000,18.063810
211.250000,18.063761
211.500000,18.081800
211.750000,18.126636
212.000000,18.178683
212.250000,18.178479
212.500000,18.224424
212.750000,18.291881
213.000000,18.260238
213.250000,18.253328
213.500000,18.226856
213.750000,18.231563
214.000000,18.277425
214.250000,18.253483
214.500000,18.215115
214.750000,18.224684
215.000000,18.167821
215.250000,18.196944
215.500000,18.190065
215.750000,18.139512
216.000000,18.155231
216.250000,18.129287
216.500000,18.120092
216.750000,18.028094
217.000000,17.983111
217.250000,17.927432
217.500000,17.888069
217.750000,17.755101
218.000000,17.695123
218.250000,17.643302
218.500000,17.616317
218.750000,17.567691
219.000000,17.599002
219.250000,17.537606
219.500000,17.451291
219.750000,17.403853
220.000000,17.320951
220.250000,17.252514
220.500000,17.202692
220.750000,17.130845
221.000000,17.100605
221.250000,17.022226
221.500000,17.004051
221.750000,16.948485
222.000000,16.979502
222.250000,16.977601
222.500000,16.965121
222.750000,16.966098
223.000000,16.949616
223.250000,16.929748
223.500000,16.934376
223.750000,16.901579
224.000000,16.872003
224.250000,16.805485
224.500000,16.733981
224.750000,16.703763
225.000000,16.685347
225.250000,16.677378
225.500000,16.622698
225.750000,16.537232
226.000000,16.498318
226.250000,16.471205
226.500000,16.469432
226.750000,16.429473
227.000000,16.316950
227.250000,16.386410
227.500000,16.505951
227.750000,16.496296
228.000000,16.441142
228.250000,16.435824
228.500000,16.550798
228.750000,16.597097
229.000000,16.600481
229.250000,16.665245
229.500000,16.764311
229.750000,16.811364
230.000000,16.851105
230.250000,16.845500
230.500000,16.826481
230.750000,16.813401
231.000000,16.883928
231.250000,16.955036
231.500000,16.965577
231.750000,17.023232
232.000000,17.036022
232.250000,17.034332
232.500000,17.112101
232.750000,17.238340
233.000000,17.213286
233.250000,17.130973
233.500000,17.137426
233.750000,17.198313
234.000000,17.268313
234.250000,17.369672
234.500000,17.389016
234.750000,17.448975
235.000000,17.469364
235.250000,17.413938
235.500000,17.341412
235.750000,17.349664
236.000000,17.332790
236.250000,17.335494
236.500000,17.378825
236.750000,17.415861
237.000000,17.403559
237.250000,17.367771
237.500000,17.420764
237.750000,17.447640
238.000000,17.439728
238.250000,17.419701
238.500000,17.376985
238.750000,17.378750
239.000000,17.346760
239.250000,17.395854
239.500000,17.412048
239.750000,17.301524
240.000000,17.247320
240.250000,17.250492
240.500000,17.207075
240.750000,17.179139
241.000000,17.163642
241.250000,17.183167
241.500000,17.182213
241.750000,17.091508
242.000000,17.001690
242.250000,16.876132
242.500000,16.922812
242.750000,16.885697
243.000000,16.887247
243.250000,16.858018
243.500000,16.769508
243.750000,16.758035
244.000000,16.644818
244.250000,16.586673
244.500000,16.543282
244.750000,16.469164
245.000000,16.359410
245.250000,16.363702
245.500000,16.379221
245.750000,16.327940
246.000000,16.282618
246.250000,16.298515
246.500000,16.259548
246.750000,16.289603
247.000000,16.295060
247.250000,16.250643
247.500000,16.279733
247.750000,16.248840
248.000000,16.252046
248.250000,16.345806
248.500000,16.398399
248.750000,16.368141
249.000000,16.338900
249.250000,16.368529
249.500000,16.352764
249.750000,16.352953
250.000000,16.346466
250.250000,16.339398
250.500000,16.233392
250.750000,16.218623
251.000000,16.173893
251.250000,16.158924
251.500000,16.163815
251.750000,16.141122
252.000000,16.075294
252.250000,16.055339
252.500000,16.095762
252.750000,16.131101
253.000000,16.110611
253.250000,16.149827
253.500000,16.193595
253.750000,16.288490
254.000000,16.362581
254.250000,16.363200
254.500000,16.448376
254.750000,16.450729
255.000000,16.525884
255.250000,16.555886
255.500000,16.642899
255.750000,16.818907
256.000000,16.823226
256.250000,16.845836
256.500000,16.920304
256.750000,16.976187
257.000000,16.992944
257.250000,17.030941
257.500000,17.101872
257.750000,17.163080
258.000000,17.192913
258.250000,17.236059
258.500000,17.263361
258.750000,17.187738
259.000000,17.150804
259.250000,17.143759
259.500000,17.148609
259.750000,17.150830
260.000000,17.159403
260.250000,17.182439
260.500000,17.163302
260.750000,17.217224
261.000000,17.228712
261.250000,17.304123
261.500000,17.354759
261.750000,17.362796
262.000000,17.370275
262.250000,17.343875
262.500000,17.311391
262.750000,17.232762
263.000000,17.251978
263.250000,17.239257
263.500000,17.239649
263.750000,17.242644
264.000000,17.333661
264.250000,17.445932
264.500000,17.421100
264.750000,17.450865
265.000000,17.467029
265.250000,17.511854
265.500000,17.535003
265.750000,17.555000
266.000000,17.659048
266.250000,17.685136
266.500000,17.681583
266.750000,17.745442
267.000000,17.781351
267.250000,17.795162
267.500000,17.839055
267.750000,17.778198
268.000000,17.751288
268.250000,17.737503
268.500000,17.736956
268.750000,17.672852
269.000000,17.605655
269.250000,17.608416
269.500000,17.606168
269.750000,17.559145
270.000000,17.538307
270.250000,17.545564
270.500000,17.540295
270.750000,17.527683
271.000000,17.455847
271.250000,17.406572
271.500000,17.415488
271.750000,17.409182
272.000000,17.416774
272.250000,17.442541
272.500000,17.459479
272.750000,17.337772
273.000000,17.246924
273.250000,17.189333
273.500000,17.244088
273.750000,17.251420
274.000000,17.221071
274.250000,17.185456
274.500000,17.058681
274.750000,17.043998
275.000000,16.986415
275.250000,16.958238
275.500000,16.917740
275.750000,16.844818
276.000000,16.770278
276.250000,16.747882
276.500000,16.718634
276.750000,16.592851
277.000000,16.571579
277.250000,16.562652
277.500000,16.493958
277.750000,16.474320
278.000000,16.474584
278.250000,16.400885
278.500000,16.221323
278.750000,16.116592
279.000000,16.073533
279.250000,16.083041
279.500000,16.083528
279.750000,16.054106
280.000000,16.100239
280.250000,16.143329
280.500000,16.193806
280.750000,16.209786
281.000000,16.170959
281.250000,16.135314
281.500000,16.144260
281.750000,16.107790
282.000000,16.062584
282.250000,16.075969
282.500000,16.116366
282.750000,16.144049
283.000000,16.176292
283.250000,16.132018
283.500000,16.154790
283.750000,16.133379
284.000000,16.183254
284.250000,16.164174
284.500000,16.208749
284.750000,16.226826
285.000000,16.230922
285.250000,16.283350
285.500000,16.235138
285.750000,16.148386
286.000000,16.077723
286.250000,15.965849
286.500000,15.835574
286.750000,15.672222
287.000000,15.507890
287.250000,15.419422
287.500000,15.298669
287.750000,15.115012
288.000000,14.974565
288.250000,14.889204
288.500000,14.705694
288.750000,14.662469
289.000000,14.613835
289.250000,14.546831
289.500000,14.441662
289.750000,14.348385
290.000000,14.242730
290.250000,14.175330
290.500000,14.143053
290.750000,14.050995
291.000000,14.054566
291.250000,14.026714
291.500000,14.004511
291.750000,14.051228
292.000000,14.045843
292.250000,14.070490
292.500000,14.082581
292.750000,14.160074
293.000000,14.156567
293.250000,14.266691
293.500000,14.330218
293.750000,14.282124
294.000000,14.331338
294.250000,14.341408
294.500000,14.422228
294.750000,14.417076
295.000000,14.457401
295.250000,14.475157
295.500000,14.415198
295.750000,14.500094
296.000000,14.540521
296.250000,14.552303
296.500000,14.519853
296.750000,14.513295
297.000000,14.605380
297.250000,14.648360
297.500000,14.697148
297.750000,14.692426
298.000000,14.708625
298.250000,14.735308
298.500000,14.672490
298.750000,14.730326
299.000000,14.789772
299.250000,14.880349
299.500000,14.955934
299.750000,14.980535
300.000000,15.043663
300.250000,15.110765
300.500000,15.140670
300.750000,15.154481
301.000000,15.210141
301.250000,15.288977
301.500000,15.367699
301.750000,15.467030
302.000000,15.561215
302.250000,15.634745
302.500000,15.689171
302.750000,15.715862
303.000000,15.749233
303.250000,15.698208
303.500000,15.728267
303.750000,15.735727
304.000000,15.745582
304.250000,15.750492
304.500000,15.763723
304.750000,15.812288
305.000000,15.927123
305.250000,15.938381
305.500000,16.045367
305.750000,16.083098
306.000000,16.121823
306.250000,16.161937
306.500000,16.232562
306.750000,16.276704
307.000000,16.353417
307.250000,16.376879
307.500000,16.466271
307.750000,16.564214
308.000000,16.661862
308.250000,16.715334
308.500000,16.768588
308.750000,16.877320
309.000000,16.939875
309.250000,16.965808
309.500000,17.013276
309.750000,17.039699
310.000000,17.073058
310.250000,17.023791
310.500000,17.044195
310.750000,17.031209
311.000000,17.083233
311.250000,17.126191
311.500000,17.168100
311.750000,17.195636
312.000000,17.229662
312.250000,17.291522
312.500000,17.238020
312.750000,17.173987
313.000000,17.174636
313.250000,17.191826
313.500000,17.129151
313.750000,17.181813
314.000000,17.123389
314.250000,17.045805
314.500000,16.981456
314.750000,16.936639
315.000000,16.899218
315.250000,16.875144
315.500000,16.843758
315.750000,16.828264
316.000000,16.822124
316.250000,16.806616
316.500000,16.854442
316.750000,16.847405
317.000000,16.826228
317.250000,16.816316
317.500000,16.821298
317.750000,16.870999
318.000000,16.887168
318.250000,16.991865
318.500000,16.984096
318.750000,17.047679
319.000000,17.094586
319.250000,17.200987
319.500000,17.262685
319.750000,17.289237
320.000000,17.315668
320.250000,17.278752
320.500000,17.257635
320.750000,17.283436
321.000000,17.341397
321.250000,17.260275
321.500000,17.191098
321.750000,17.239841
322.000000,17.302550
322.250000,17.258495
322.500000,17.199875
322.750000,17.201606
323.000000,17.204831
323.250000,17.189198
323.500000,17.139776
323.750000,17.120175
324.000000,17.075151
324.250000,17.066759
324.500000,17.025024
324.750000,16.964427
325.000000,17.015795
325.250000,17.000377
325.500000,16.972838
325.750000,16.880881
326.000000,16.886100
326.250000,16.942247
326.500000,16.920810
326.750000,16.919539
327.000000,16.922722
327.250000,16.915228
327.500000,16.822140
327.750000,16.822124
328.000000,16.853462
328.250000,16.854650
328.500000,16.886745
328.750000,16.949390
329.000000,17.021113
329.250000,17.099911
329.500000,17.185109
329.750000,17.246728
330.000000,17.326518
330.250000,17.362834
330.500000,17.437057
330.750000,17.439298
331.000000,17.534506
331.250000,17.533487
331.500000,17.466566
331.750000,17.450582
332.000000,17.474161
332.250000,17.495218
332.500000,17.544832
332.750000,17.539959
333.000000,17.561374
333.250000,17.534509
333.500000,17.491458
333.750000,17.477469
334.000000,17.439652
334.250000,17.451830
334.500000,17.456367
334.750000,17.439777
335.000000,17.435081
335.250000,17.361982
335.500000,17.366485
335.750000,17.322837
336.000000,17.217740
336.250000,17.110954
336.500000,17.034830
336.750000,16.985751
337.000000,16.862604
337.250000,16.770459
337.500000,16.624143
337.750000,16.523617
338.000000,16.413497
338.250000,16.422224
338.500000,16.392693
338.750000,16.318870
339.000000,16.319982
339.250000,16.333232
339.500000,16.294208
339.750000,16.295912
340.000000,16.252303
340.250000,16.266182
340.500000,16.230375
340.750000,16.114639
341.000000,16.059096
341.250000,16.030632
341.500000,15.990926
341.750000,15.979830
342.000000,15.949315
342.250000,15.952004
342.500000,16.003836
342.750000,16.028158
343.000000,16.055649
343.250000,16.068494
343.500000,16.091346
343.750000,16.157822
344.000000,16.275380
344.250000,16.341631
344.500000,16.370411
344.750000,16.446358
345.000000,16.477669
345.250000,16.467335
345.500000,16.574227
345.750000,16.603894
346.000000,16.685890
346.250000,16.726520
346.500000,16.777606
346.750000,16.818311
347.000000,16.856057
347.250000,16.879998
347.500000,16.915156
347.750000,16.871275
348.000000,16.960531
348.250000,17.060899
348.500000,17.118263
348.750000,17.141933
349.000000,17.114578
349.250000,17.095219
349.500000,17.180331
349.750000,17.241788
350.000000,17.282916
350.250000,17.376551
350.500000,17.457118
350.750000,17.487132
351.000000,17.534619
351.250000,17.557248
351.500000,17.537387
351.750000,17.580948
352.000000,17.587322
352.250000,17.582113
352.500000,17.591546
352.750000,17.603815
353.000000,17.633198
353.250000,17.644204
353.500000,17.652154
353.750000,17.644087
354.000000,17.551964
354.250000,17.474640
354.500000,17.423329
354.750000,17.394477
355.000000,17.438453
355.250000,17.415763
355.500000,17.435439
355.750000,17.432068
356.000000,17.348261
356.250000,17.370735
356.500000,17.378169
356.750000,17.454802
357.000000,17.502644
357.250000,17.554430
357.500000,17.652143
357.750000,17.769987
358.000000,17.829871
358.250000,17.872723
358.500000,17.913836
358.750000,17.919840
359.000000,17.953358
359.250000,18.066001
359.500000,18.089264
359.750000,18.088578
360.000000,18.108883
360.250000,18.067680
360.500000,18.027170
360.750000,17.986962
361.000000,17.925211
361.250000,17.911592
361.500000,17.881326
361.750000,17.887209
362.000000,17.824606
362.250000,17.796867
362.500000,17.717243
362.750000,17.692750
363.000000,17.693844
363.250000,17.654775
363.500000,17.676574
363.750000,17.671962
364.000000,17.625312
364.250000,17.662356
364.500000,17.666067
364.750000,17.702002
365.000000,17.674447
365.250000,17.688047
365.500000,17.689100
365.750000,17.665535
366.000000,17.633549
366.250000,17.569935
366.500000,17.549799
366.750000,17.562882
367.000000,17.542460
367.250000,17.564270
367.500000,17.575283
367.750000,17.577188
368.000000,17.573590
368.250000,17.561121
368.500000,17.598945
368.750000,17.555784
369.000000,17.515014
369.250000,17.500008
369.500000,17.417559
369.750000,17.381047
370.000000,17.341695
370.250000,17.281377
370.500000,17.239875
370.750000,17.185950
371.000000,17.177144
371.250000,17.206083
371.500000,17.145377
371.750000,17.063263
372.000000,17.004013
372.250000,16.911064
372.500000,16.840861
372.750000,16.729232
373.000000,16.582747
373.250000,16.499540
373.500000,16.405965
373.750000,16.261875
374.000000,16.111120
374.250000,15.933116
374.500000,15.733155
374.750000,15.584180
375.000000,15.465000
375.250000,15.398622
375.500000,15.317610
375.750000,15.202749
376.000000,15.213083
376.250000,15.140719
376.500000,15.144128
376.750000,15.102796
377.000000,15.136442
377.250000,15.161745
377.500000,15.132222
377.750000,15.126681
378.000000,15.121759
378.250000,15.079850
378.500000,15.023998
378.750000,14.962221
379.000000,14.898369
379.250000,14.819733
379.500000,14.818315
379.750000,14.715889
380.000000,14.675862
380.250000,14.625361
380.500000,14.540713
380.750000,14.507441
381.000000,14.394632
381.250000,14.402865
381.500000,14.418011
381.750000,14.443812
382.000000,14.415880
382.250000,14.433101
382.500000,14.399629
382.750000,14.456352
383.000000,14.450812
383.250000,14.470809
383.500000,14.467799
383.750000,14.482957
384.000000,14.491850
384.250000,14.511401
384.500000,14.525213
384.750000,14.546258
385.000000,14.566873
385.250000,14.658698
385.500000,14.751737
385.750000,14.797968
386.000000,14.895397
386.250000,14.956952
386.500000,15.027905
386.750000,15.143264
387.000000,15.248769
387.250000,15.261927
387.500000,15.308392
387.750000,15.437001
388.000000,15.551191
388.250000,15.602517
388.500000,15.630913
388.750000,15.720984
389.000000,15.833677
389.250000,15.859572
389.500000,15.823429
389.750000,15.940659
390.000000,16.079239
390.250000,16.086767
390.500000,16.062630
390.750000,16.086217
391.000000,16.110324
391.250000,16.109147
391.500000,16.090761
391.750000,16.153248
392.000000,16.090324
392.250000,16.143136
392.500000,16.252367
392.750000,16.278164
393.000000,16.271918
393.250000,16.311364
393.500000,16.393183
393.750000,16.365229
394.000000,16.364663
394.250000,16.349260
394.500000,16.382167
394.750000,16.430544
395.000000,16.423789
395.250000,16.461010
395.500000,16.468727
395.750000,16.531492
396.000000,16.596607
396.250000,16.636796
396.500000,16.679980
396.750000,16.725683
397.000000,16.782648
397.250000,16.851629
397.500000,16.963620
397.750000,17.044440
398.000000,17.215628
398.250000,17.282848
398.500000,17.441376
398.750000,17.536520
399.000000,17.574721
399.250000,17.619187
399.500000,17.697076
399.750000,17.752344
400.000000,17.800329
400.250000,17.855834
400.500000,17.888756
400.750000,17.896385
401.000000,17.902654
401.250000,17.938000
401.500000,17.942628
401.750000,17.929254
402.000000,17.939811
402.250000,17.947636
402.500000,17.904713
402.750000,17.936446
403.000000,18.052952
403.250000,18.102114
403.500000,18.177076
403.750000,18.260140
404.000000,18.323629
404.250000,18.348020
404.500000,18.444940
404.750000,18.489730
405.000000,18.518130
405.250000,18.564161
405.500000,18.589000
405.750000,18.627296
406.000000,18.597690
406.250000,18.673734
406.500000,18.656106
406.750000,18.615378
407.000000,18.642084
407.250000,18.640662
407.500000,18.582008
407.750000,18.638060
408.000000,18.678713
408.250000,18.759959
408.500000,18.765854
408.750000,18.777183
409.000000,18.805398
409.250000,18.817580
409.500000,18.841333
409.750000,18.866308
410.000000,18.854269
410.250000,18.846243
410.500000,18.911588
410.750000,18.903468
411.000000,18.933406
411.250000,18.952094
411.500000,18.955640
411.750000,18.978525
412.000000,18.997635
412.250000,19.028388
412.500000,19.014765
412.750000,19.028445
413.000000,19.057048
413.250000,19.090448
413.500000,19.118244
413.750000,19.145199
414.000000,19.111720
414.250000,19.125376
414.500000,19.152629
414.750000,19.143351
415.000000,19.070301
415.250000,19.074487
415.500000,19.099500
415.750000,19.089909
416.000000,19.119862
416.250000,19.180376
416.500000,19.155092
416.750000,19.106918
417.000000,19.114933
417.250000,19.077531
417.500000,19.067020
417.750000,19.020230
418.000000,18.885003
418.250000,18.867492
418.500000,18.720709
418.750000,18.635031
419.000000,18.457661
419.250000,18.442526
419.500000,18.328272
419.750000,18.110407
420.000000,17.970299
420.250000,17.829490
420.500000,17.681176
420.750000,17.573160
421.000000,17.438645
421.250000,17.399780
421.500000,17.301773
421.750000,17.212754
422.000000,17.087657
422.250000,17.023549
422.500000,16.965551
422.750000,16.909352
423.000000,16.824267
423.250000,16.767653
423.500000,16.693139
423.750000,16.568385
424.000000,16.557859
424.250000,16.564549
424.500000,16.600609
424.750000,16.615374
425.000000,16.605180
425.250000,16.601827
425.500000,16.650943
425.750000,16.711506
426.000000,16.752951
426.250000,16.773378
426.500000,16.791703
426.750000,16.871290
427.000000,16.871282
427.250000,16.839722
427.500000,16.837561
427.750000,16.785465
428.000000,16.846477
428.250000,16.908767
428.500000,16.956699
428.750000,16.992031
429.000000,16.990417
429.250000,16.998178
429.500000,17.087948
429.750000,17.059963
430.000000,17.052390
430.250000,17.008350
430.500000,17.022127
430.750000,17.024930
431.000000,17.001882
431.250000,17.030583
431.500000,17.054076
431.750000,17.022109
432.000000,16.910268
432.250000,16.923601
432.500000,16.850207
432.750000,16.845926
433.000000,16.806013
433.250000,16.815969
433.500000,16.886776
433.750000,16.896450
434.000000,16.921341
434.250000,17.054830
434.500000,17.127990
434.750000,17.206780
435.000000,17.282561
435.250000,17.360620
435.500000,17.380707
435.750000,17.490534
436.000000,17.517956
436.250000,17.593277
436.500000,17.645237
436.750000,17.763866
437.000000,17.889235
437.250000,18.027905
437.500000,18.017500
437.750000,17.994335
438.000000,18.062796
438.250000,18.077580
438.500000,18.004571
438.750000,18.001150
439.000000,18.003926
439.250000,18.030685
439.500000,18.104086
439.750000,18.154043
440.000000,18.215659
440.250000,18.284443
440.500000,18.338553
440.750000,18.465374
441.000000,18.565741
441.250000,18.740814
441.500000,18.829004
441.750000,18.934859
442.000000,19.022772
442.250000,19.101480
442.500000,19.175782
442.750000,19.260539
443.000000,19.323897
443.250000,19.359406
443.500000,19.473962
443.750000,19.571855
444.000000,19.646659
444.250000,19.746038
444.500000,19.924034
444.750000,20.022014
445.000000,20.093877
445.250000,20.090241
445.500000,20.097297
445.750000,20.041200
446.000000,20.000456
446.250000,19.950461
446.500000,20.015437
446.750000,19.990405
447.000000,19.997024
447.250000,19.990017
447.500000,20.019789
447.750000,19.993034
448.000000,20.001192
448.250000,19.960441
448.500000,19.998359
448.750000,20.011050
449.000000,20.023651
449.250000,20.006860
449.500000,20.061449
449.750000,20.164853
450.000000,20.179999
450.250000,20.264616
450.500000,20.310218
450.750000,20.252121
451.000000,20.275101
451.250000,20.311960
451.500000,20.407711
451.750000,20.435662
452.000000,20.504269
452.250000,20.578606
452.500000,20.628574
452.750000,20.735146
453.000000,20.839296
453.250000,20.905222
453.500000,20.974267
453.750000,20.944842
454.000000,20.965879
454.250000,20.923299
454.500000,20.836871
454.750000,20.840556
455.000000,20.834242
455.250000,20.851953
455.500000,20.851897
455.750000,20.876642
456.000000,20.848608
456.250000,20.763745
456.500000,20.721685
456.750000,20.597441
457.000000,20.466109
457.250000,20.362762
457.500000,20.273016
457.750000,20.164785
458.000000,20.045062
458.250000,19.988131
458.500000,19.899112
458.750000,19.855683
459.000000,19.776576
459.250000,19.696612
459.500000,19.599658
459.750000,19.485763
460.000000,19.383845
460.250000,19.263002
460.500000,19.172927
460.750000,19.073473
461.000000,19.054777
461.250000,19.013838
461.500000,18.860454
461.750000,18.816561
462.000000,18.711797
462.250000,18.703435
462.500000,18.694285
462.750000,18.600201
463.000000,18.562445
463.250000,18.494569
463.500000,18.457865
463.750000,18.445509
464.000000,18.441346
464.250000,18.380613
464.500000,18.335253
464.750000,18.381586
465.000000,18.351414
465.250000,18.382208
465.500000,18.484107
465.750000,18.512910
466.000000,18.567129
466.250000,18.579039
466.500000,18.577146
466.750000,18.667455
467.000000,18.668254
467.250000,18.745902
467.500000,18.833133
467.750000,18.949677
468.000000,19.001618
468.250000,19.016987
468.500000,19.053012
468.750000,19.057455
469.000000,19.143242
469.250000,19.214361
469.500000,19.216567
469.750000,19.211121
470.000000,19.225095
470.250000,19.207659
470.500000,19.128216
470.750000,19.103573
471.000000,19.016659
471.250000,18.961150
471.500000,18.890600
471.750000,18.865708
472.000000,18.804760
472.250000,18.781973
472.500000,18.700629
472.750000,18.630389
473.000000,18.613439
473.250000,18.618874
473.500000,18.595615
473.750000,18.484869
474.000000,18.488376
474.250000,18.503164
474.500000,18.531266
474.750000,18.508150
475.000000,18.522904
475.250000,18.501245
475.500000,18.420497
475.750000,18.360002
476.000000,18.276727
476.250000,18.226622
476.500000,18.220079
476.750000,18.238125
477.000000,18.201436
477.250000,18.141767
477.500000,18.174100
477.750000,18.172773
478.000000,18.143495
478.250000,18.111376
478.500000,18.026442
478.750000,17.956137
479.000000,17.870833
479.250000,17.772525
479.500000,17.757409
479.750000,17.690103
480.000000,17.692464
480.250000,17.644419
480.500000,17.579620
480.750000,17.543659
481.000000,17.527958
481.250000,17.578097
481.500000,17.580435
481.750000,17.547310
482.000000,17.552745
482.250000,17.579032
482.500000,17.660297
482.750000,17.688323
483.000000,17.699675
483.250000,17.730526
483.500000,17.770055
483.750000,17.847948
484.000000,17.857241
484.250000,17.941478
484.500000,18.059375
484.750000,18.066247
485.000000,18.087597
485.250000,18.149265
485.500000,18.207154
485.750000,18.231182
486.000000,18.287434
486.250000,18.404453
486.500000,18.443789
486.750000,18.535607
487.000000,18.631116
487.250000,18.662658
487.500000,18.703197
487.750000,18.755859
488.000000,18.811749
488.250000,18.937295
488.500000,19.104829
488.750000,19.183778
489.000000,19.254335
489.250000,19.296671
489.500000,19.336501
489.750000,19.447410
490.000000,19.452343
490.250000,19.458151
490.500000,19.527887
490.750000,19.545590
491.000000,19.526827
491.250000,19.571104
491.500000,19.599259
491.750000,19.584855
492.000000,19.637038
492.250000,19.679999
492.500000,19.726290
492.750000,19.784609
493.000000,19.767125
493.250000,19.764598
493.500000,19.749463
493.750000,19.824949
494.000000,19.824233
494.250000,19.890366
494.500000,19.938253
494.750000,19.881005
495.000000,19.910883
495.250000,19.877709
495.500000,19.852104
495.750000,19.858810
496.000000,19.849690
496.250000,19.856290
496.500000,19.831463
496.750000,19.819888
497.000000,19.819051
497.250000,19.838146
497.500000,19.834027
497.750000,19.874827
498.000000,19.884535
498.250000,19.911860
498.500000,20.011318
498.750000,20.054687
499.000000,20.060642
499.250000,20.048656
499.500000,20.084776
499.750000,20.018495
500.000000,20.008063
500.250000,20.009998
500.500000,19.963786
500.750000,19.897592
501.000000,19.832455
501.250000,19.746061
501.500000,19.808724
501.750000,19.850803
502.000000,19.807985
502.250000,19.861333
502.500000,19.922156
502.750000,19.972208
503.000000,19.964759
503.250000,20.031036
503.500000,20.075419
503.750000,20.115978
504.000000,20.117758
504.250000,20.143808
504.500000,20.150724
504.750000,20.121326
505.000000,20.035045
505.250000,20.016949
505.500000,20.021901
505.750000,20.022131
506.000000,20.040310
506.250000,19.958544
506.500000,19.970556
506.750000,20.046601
507.000000,20.120477
507.250000,20.095363
507.500000,20.065643
507.750000,20.028316
508.000000,19.988912
508.250000,19.988840
508.500000,20.033072
508.750000,20.024522
509.000000,20.041818
509.250000,20.060570
509.500000,20.028976
509.750000,19.985325
510.000000,19.947949
510.250000,19.938355
510.500000,19.896231
510.750000,19.905448
511.000000,19.983715
511.250000,20.047668
511.500000,20.038979
511.750000,19.998457
512.000000,20.006891
512.250000,20.035369
512.500000,20.000396
512.750000,19.961044
513.000000,19.941278
513.250000,19.934994
513.500000,19.917815
513.750000,19.979634
514.000000,20.009840
514.250000,19.985389
514.500000,19.951336
514.750000,19.941655
515.000000,19.945622
515.250000,19.864935
515.500000,19.807400
515.750000,19.764933
516.000000,19.732642
516.250000,19.705755
516.500000,19.653221
516.750000,19.609694
517.000000,19.547894
517.250000,19.464137
517.500000,19.434610
517.750000,19.399316
518.000000,19.332402
518.250000,19.344999
518.500000,19.370026
518.750000,19.360933
519.000000,19.287257
519.250000,19.223492
519.500000,19.161417
519.750000,19.129446
520.000000,19.088827
520.250000,19.101906
520.500000,18.988867
520.750000,18.894349
521.000000,18.734512
521.250000,18.779574
521.500000,18.784587
521.750000,18.813970
522.000000,18.789712
522.250000,18.806559
522.500000,18.806469
522.750000,18.807680
523.000000,18.784353
523.250000,18.782569
523.500000,18.808705
523.750000,18.840081
524.000000,18.863132
524.250000,18.878799
524.500000,18.910215
524.750000,18.981678
525.000000,18.987098
525.250000,19.042218
525.500000,19.100888
525.750000,19.117731
526.000000,19.152610
526.250000,19.123189
526.500000,19.197797
526.750000,19.150724
527.000000,19.243511
527.250000,19.229481
527.500000,19.274950
527.750000,19.214090
528.000000,19.260034
528.250000,19.373549
528.500000,19.497877
528.750000,19.665347
529.000000,19.722338
529.250000,19.788060
529.500000,19.880077
529.750000,19.980780
530.000000,20.074872
530.250000,20.155541
530.500000,20.205328
530.750000,20.256330
531.000000,20.262878
531.250000,20.368046
531.500000,20.391132
531.750000,20.425430
532.000000,20.447870
532.250000,20.442070
532.500000,20.403913
532.750000,20.452117
533.000000,20.385727
533.250000,20.324772
533.500000,20.271579
533.750000,20.179452
534.000000,20.107880
534.250000,20.068849
534.500000,19.957012
534.750000,19.870034
535.000000,19.839194
535.250000,19.858897
535.500000,19.771733
535.750000,19.743900
536.000000,19.699090
536.250000,19.592794
536.500000,19.540544
536.750000,19.524006
537.000000,19.534317
537.250000,19.505661
537.500000,19.464676
537.750000,19.440478
538.000000,19.401137
538.250000,19.403525
538.500000,19.371690
538.750000,19.383962
539.000000,19.375838
539.250000,19.420497
539.500000,19.422586
539.750000,19.429714
540.000000,19.472675
540.250000,19.514882
540.500000,19.566386
540.750000,19.612500
541.000000,19.716873
541.250000,19.723228
541.500000,19.775203
541.750000,19.831549
542.000000,19.781618
542.250000,19.791481
542.500000,19.842310
542.750000,19.818157
543.000000,19.799756
543.250000,19.730382
543.500000,19.699762
543.750000,19.624859
544.000000,19.705012
544.250000,19.717186
544.500000,19.772258
544.750000,19.818568
545.000000,19.755044
545.250000,19.669782
545.500000,19.720226
545.750000,19.672607
546.000000,19.613602
546.250000,19.623679
546.500000,19.603494
546.750000,19.571628
547.000000,19.532337
547.250000,19.490454
547.500000,19.489304
547.750000,19.435409
548.000000,19.410793
548.250000,19.348857
548.500000,19.311956
548.750000,19.265872
549.000000,19.181530
549.250000,19.044987
549.500000,18.956239
549.750000,18.878761
550.000000,18.707701
550.250000,18.604376
550.500000,18.493268
550.750000,18.370007
551.000000,18.349347
551.250000,18.334118
551.500000,18.321630
551.750000,18.280193
552.000000,18.198939
552.250000,18.111233
552.500000,17.954410
552.750000,17.899399
553.000000,17.851636
553.250000,17.711144
553.500000,17.644656
553.750000,17.585606
554.000000,17.425188
554.250000,17.386414
554.500000,17.317056
554.750000,17.318870
555.000000,17.301457
555.250000,17.263229
555.500000,17.265967
555.750000,17.265310
556.000000,17.327061
556.250000,17.390460
556.500000,17.322694
556.750000,17.295049
557.000000,17.289282
557.250000,17.224480
557.500000,17.176684
557.750000,17.244454
558.000000,17.198694
558.250000,17.196126
558.500000,17.176929
558.750000,17.232004
559.000000,17.366447
559.250000,17.324436
559.500000,17.418739
559.750000,17.376789
560.000000,17.350188
560.250000,17.331036
560.500000,17.282633
560.750000,17.277240
561.000000,17.265684
561.250000,17.180497
561.500000,17.162903
561.750000,17.242832
562.000000,17.295577
562.250000,17.349049
562.500000,17.433655
562.750000,17.428647
563.000000,17.461021
563.250000,17.456156
563.500000,17.487660
563.750000,17.499076
564.000000,17.538277
564.250000,17.584750
564.500000,17.576746
564.750000,17.576871
565.000000,17.461142
565.250000,17.447614
565.500000,17.415794
565.750000,17.339647
566.000000,17.296282
566.250000,17.284006
566.500000,17.241482
566.750000,17.143672
567.000000,17.070448
567.250000,16.981908
567.500000,16.899685
567.750000,16.878090
568.000000,16.926222
568.250000,16.895118
568.500000,16.931189
568.750000,16.927440
569.000000,16.942009
569.250000,16.897630
569.500000,16.920248
569.750000,17.004582
570.000000,17.065334
570.250000,17.097373
570.500000,17.004039
570.750000,16.962681
571.000000,16.911317
571.250000,16.835396
571.500000,16.801027
571.750000,16.846930
572.000000,16.851248
572.250000,16.800593
572.500000,16.761113
572.750000,16.710544
573.000000,16.639580
573.250000,16.599534
573.500000,16.538847
573.750000,16.456307
574.000000,16.458140
574.250000,16.503153
574.500000,16.551560
574.750000,16.571757
575.000000,16.530421
575.250000,16.502286
575.500000,16.500649
575.750000,16.527543
576.000000,16.477869
576.250000,16.434153
576.500000,16.356679
576.750000,16.400455
577.000000,16.339326
577.250000,16.325036
577.500000,16.308475
577.750000,16.352278
578.000000,16.440007
578.250000,16.453629
578.500000,16.428051
578.750000,16.424774
579.000000,16.452539
579.250000,16.510847
579.500000,16.532707
579.750000,16.554868
580.000000,16.604467
580.250000,16.601322
580.500000,16.685958
580.750000,16.668443
581.000000,16.702900
581.250000,16.692799
581.500000,16.665547
581.750000,16.663815
582.000000,16.777225
582.250000,16.789165
582.500000,16.820850
582.750000,16.859640
583.000000,16.924913
583.250000,16.971427
583.500000,17.008467
583.750000,17.056275
584.000000,17.103769
584.250000,17.193663
584.500000,17.215998
584.750000,17.237824
585.000000,17.280238
585.250000,17.299314
585.500000,17.250115
585.750000,17.179716
586.000000,17.171826
586.250000,17.043742
586.500000,16.953433
586.750000,16.914474
587.000000,16.811308
587.250000,16.867560
587.500000,16.869291
587.750000,16.880715
588.000000,16.962715
588.250000,16.964978
588.500000,16.891886
588.750000,16.821834
589.000000,16.785952
589.250000,16.725996
589.500000,16.714052
589.750000,16.716941
590.000000,16.650302
590.250000,16.631037
590.500000,16.628676
590.750000,16.516331
591.000000,16.398381
591.250000,16.224084
591.500000,16.160108
591.750000,16.105357
592.000000,16.100039
592.250000,16.039710
592.500000,15.989602
592.750000,15.999653
593.000000,15.956903
593.250000,15.892165
593.500000,15.876472
593.750000,15.902269
594.000000,15.900934
594.250000,15.940489
594.500000,15.944585
594.750000,15.974022
595.000000,15.966573
595.250000,15.930721
595.500000,15.950012
595.750000,15.918483
596.000000,15.906354
596.250000,15.915639
596.500000,15.956944
596.750000,15.929522
597.000000,15.882299
597.250000,15.834050
597.500000,15.783263
597.750000,15.733468
598.000000,15.723239
598.250000,15.638973
598.500000,15.599964
598.750000,15.613930
599.000000,15.617226
599.250000,15.628190
599.500000,15.663238
599.750000,15.663812
